ticker,quarter_end_date,results_date
HDFCBANK,2023-09-30,2023-10-16
HDFCBANK,2023-12-31,2024-01-16
HDFCBANK,2024-03-31,2024-04-20
HDFCBANK,2024-06-30,2024-07-20
HDFCBANK,2024-09-30,2024-10-23
HDFCBANK,2024-12-31,2025-01-28
HDFCBANK,2025-03-31,2025-04-19
HDFCBANK,2025-06-30,2025-07-19
HDFCBANK,2025-09-30,2025-10-18
HDFCBANK,2025-12-31,2026-01-17
HDFCBANK,2026-03-31,2026-04-18
HDFCBANK,2026-06-30,2026-07-18
ICICIBANK,2024-09-30,2024-10-26
ICICIBANK,2024-12-31,2025-01-25
ICICIBANK,2025-03-31,2025-04-19
ICICIBANK,2025-06-30,2025-07-24
ICICIBANK,2025-09-30,2025-10-24
ICICIBANK,2025-12-31,2026-01-22
ICICIBANK,2026-03-31,2026-04-24
ICICIBANK,2026-06-30,2026-07-23
KOTAKBANK,2024-09-30,2024-10-19
KOTAKBANK,2024-12-31,2025-01-18
KOTAKBANK,2025-03-31,2025-05-03
KOTAKBANK,2025-06-30,2025-07-28
KOTAKBANK,2025-09-30,2025-10-25
KOTAKBANK,2025-12-31,2026-01-24
KOTAKBANK,2026-03-31,2026-05-08
KOTAKBANK,2026-06-30,2026-07-18
BAJFINANCE,2024-09-30,2024-10-22
BAJFINANCE,2024-12-31,2025-01-29
BAJFINANCE,2025-03-31,2025-04-29
BAJFINANCE,2025-06-30,2025-07-24
BAJFINANCE,2025-09-30,2025-11-10
BAJFINANCE,2025-12-31,2026-02-03
BAJFINANCE,2026-03-31,2026-04-29
BAJFINANCE,2026-06-30,2026-08-04
BAJAJFINSV,2024-09-30,2024-10-23
BAJAJFINSV,2024-12-31,2025-01-30
BAJAJFINSV,2025-03-31,2025-04-29
BAJAJFINSV,2025-06-30,2025-07-25
BAJAJFINSV,2025-09-30,2025-11-11
BAJAJFINSV,2025-12-31,2026-02-04
BAJAJFINSV,2026-03-31,2026-04-30
BAJAJFINSV,2026-06-30,2026-07-31
PNB,2024-09-30,2024-10-28
PNB,2024-12-31,2025-01-31
PNB,2025-03-31,2025-05-07
PNB,2025-06-30,2025-07-30
PNB,2025-09-30,2025-10-18
PNB,2025-12-31,2026-01-19
PNB,2026-03-31,2026-05-05
PNB,2026-06-30,2026-07-18
BANKBARODA,2024-09-30,2024-10-25
BANKBARODA,2024-12-31,2025-01-30
BANKBARODA,2025-03-31,2025-05-06
BANKBARODA,2025-06-30,2025-07-25
BANKBARODA,2025-09-30,2025-10-31
BANKBARODA,2025-12-31,2026-01-30
BANKBARODA,2026-03-31,2026-05-08
BANKBARODA,2026-06-30,2026-07-24
IDFCFIRSTB,2024-09-30,2024-10-26
IDFCFIRSTB,2024-12-31,2025-01-25
IDFCFIRSTB,2025-03-31,2025-04-26
IDFCFIRSTB,2025-06-30,2025-07-26
IDFCFIRSTB,2025-09-30,2025-10-18
IDFCFIRSTB,2025-12-31,2026-01-31
IDFCFIRSTB,2026-03-31,2026-04-25
IDFCFIRSTB,2026-06-30,2026-07-25
YESBANK,2024-09-30,2024-11-08
YESBANK,2024-12-31,2025-01-25
YESBANK,2025-03-31,2025-04-24
YESBANK,2025-06-30,2025-07-25
YESBANK,2025-09-30,2025-10-27
YESBANK,2025-12-31,2026-01-22
YESBANK,2026-03-31,2026-04-24
YESBANK,2026-06-30,2026-07-24
IIFL,2024-09-30,2024-10-23
IIFL,2024-12-31,2025-02-12
IIFL,2025-03-31,2025-05-09
IIFL,2025-06-30,2025-07-30
IIFL,2025-09-30,2025-10-30
IIFL,2025-12-31,2026-01-22
IIFL,2026-03-31,2026-04-29
IIFL,2026-06-30,2026-07-23
LT,2024-09-30,2024-10-30
LT,2024-12-31,2025-01-30
LT,2025-03-31,2025-05-08
LT,2025-06-30,2025-07-29
LT,2025-09-30,2025-10-29
LT,2025-12-31,2026-01-28
LT,2026-03-31,2026-05-05
LT,2026-06-30,2026-07-28
MARUTI,2024-09-30,2024-11-08
MARUTI,2024-12-31,2025-01-29
MARUTI,2025-03-31,2025-05-12
MARUTI,2025-06-30,2025-07-31
MARUTI,2025-09-30,2025-10-31
MARUTI,2025-12-31,2026-01-28
MARUTI,2026-03-31,2026-05-14
MARUTI,2026-06-30,2026-08-05
BAJAJ-AUTO,2024-09-30,2024-10-16
BAJAJ-AUTO,2024-12-31,2025-01-28
BAJAJ-AUTO,2025-03-31,2025-05-29
BAJAJ-AUTO,2025-06-30,2025-08-06
BAJAJ-AUTO,2025-09-30,2025-11-07
BAJAJ-AUTO,2025-12-31,2026-01-30
BAJAJ-AUTO,2026-03-31,2026-05-06
BAJAJ-AUTO,2026-06-30,2026-07-21
TMPV,2024-09-30,2024-11-08
TMPV,2024-12-31,2025-01-29
TMPV,2025-03-31,2025-05-13
TMPV,2025-06-30,2025-08-08
TMPV,2025-09-30,2025-11-14
TMPV,2025-12-31,2026-02-05
TMPV,2026-03-31,2026-05-14
TMPV,2026-06-30,2026-08-13
HEROMOTOCO,2024-09-30,2024-11-15
HEROMOTOCO,2024-12-31,2025-02-06
HEROMOTOCO,2025-03-31,2025-05-14
HEROMOTOCO,2025-06-30,2025-08-07
HEROMOTOCO,2025-09-30,2025-11-14
HEROMOTOCO,2025-12-31,2026-02-05
HEROMOTOCO,2026-03-31,2026-05-06
HEROMOTOCO,2026-06-30,2026-08-07
ASHOKLEY,2024-09-30,2024-11-08
ASHOKLEY,2024-12-31,2025-02-12
ASHOKLEY,2025-03-31,2025-05-23
ASHOKLEY,2025-06-30,2025-08-14
ASHOKLEY,2025-09-30,2025-11-12
ASHOKLEY,2025-12-31,2026-02-11
ASHOKLEY,2026-03-31,2026-05-28
ASHOKLEY,2026-06-30,2026-08-14
SUZLON,2024-09-30,2024-10-28
SUZLON,2024-12-31,2025-01-28
SUZLON,2025-03-31,2025-05-29
SUZLON,2025-06-30,2025-08-12
SUZLON,2025-09-30,2025-11-04
SUZLON,2025-12-31,2026-02-05
SUZLON,2026-03-31,2026-05-25
SUZLON,2026-06-30,2026-07-28
RVNL,2024-09-30,2024-11-07
RVNL,2024-12-31,2025-02-15
RVNL,2025-03-31,2025-05-21
RVNL,2025-06-30,2025-08-12
RVNL,2025-09-30,2025-11-11
RVNL,2025-12-31,2026-02-05
RVNL,2026-03-31,2026-05-25
RVNL,2026-06-30,2026-08-11
BHEL,2024-09-30,2024-10-28
BHEL,2024-12-31,2025-01-28
BHEL,2025-03-31,2025-05-16
BHEL,2025-06-30,2025-08-06
BHEL,2025-09-30,2025-10-29
BHEL,2025-12-31,2026-01-19
BHEL,2026-03-31,2026-05-04
BHEL,2026-06-30,2026-07-16
IDEA,2024-09-30,2024-11-14
IDEA,2024-12-31,2025-02-19
IDEA,2025-03-31,2025-05-30
IDEA,2025-06-30,2025-08-15
IDEA,2025-09-30,2025-11-11
IDEA,2025-12-31,2026-01-28
IDEA,2026-03-31,2026-05-18
IDEA,2026-06-30,2026-08-11
