ticker,quarter_end_date,promoter_pct,fii_pct,dii_pct,public_retail_pct
HDFCBANK,2023-09-30,,52.13,30.39,17.30
HDFCBANK,2023-12-31,,52.31,30.54,16.98
HDFCBANK,2024-03-31,,47.83,33.33,18.64
HDFCBANK,2024-06-30,,47.17,35.20,17.44
HDFCBANK,2024-09-30,,48.02,35.05,16.75
HDFCBANK,2024-12-31,,49.21,34.37,16.23
HDFCBANK,2025-03-31,,48.30,35.68,15.84
HDFCBANK,2025-06-30,,48.84,35.77,15.19
HDFCBANK,2025-09-30,,48.38,36.07,15.33
HDFCBANK,2025-12-31,,47.67,37.00,15.11
HDFCBANK,2026-03-31,,44.05,40.14,15.64
HDFCBANK,2026-06-30,,41.82,41.75,16.27
ICICIBANK,2023-09-30,,44.39,45.27,10.09
ICICIBANK,2023-12-31,,43.65,46.00,10.09
ICICIBANK,2024-03-31,,44.77,45.10,9.84
ICICIBANK,2024-06-30,,45.48,44.45,9.79
ICICIBANK,2024-09-30,,46.22,44.17,9.34
ICICIBANK,2024-12-31,,45.70,44.95,9.08
ICICIBANK,2025-03-31,,45.83,44.77,9.12
ICICIBANK,2025-06-30,,46.77,43.91,9.06
ICICIBANK,2025-09-30,,45.56,45.06,9.11
ICICIBANK,2025-12-31,,43.87,46.74,9.13
ICICIBANK,2026-03-31,,34.48,39.94,25.36
ICICIBANK,2026-06-30,,33.79,42.32,23.68
KOTAKBANK,2023-09-30,25.92,40.97,20.00,13.11
KOTAKBANK,2023-12-31,25.91,39.74,21.38,12.98
KOTAKBANK,2024-03-31,25.90,37.59,23.40,13.11
KOTAKBANK,2024-06-30,25.89,33.16,27.69,13.26
KOTAKBANK,2024-09-30,25.88,33.39,27.88,12.84
KOTAKBANK,2024-12-31,25.88,32.48,28.79,12.83
KOTAKBANK,2025-03-31,25.88,32.65,29.13,12.34
KOTAKBANK,2025-06-30,25.88,32.34,29.61,12.18
KOTAKBANK,2025-09-30,25.87,29.75,32.02,12.35
KOTAKBANK,2025-12-31,25.87,29.36,32.88,11.90
KOTAKBANK,2026-03-31,25.87,26.40,36.19,11.54
KOTAKBANK,2026-06-30,25.87,25.21,37.71,11.20
BAJFINANCE,2023-09-30,55.87,20.41,13.05,10.50
BAJFINANCE,2023-12-31,54.78,20.92,14.01,10.17
BAJFINANCE,2024-03-31,54.69,20.55,14.33,10.19
BAJFINANCE,2024-06-30,54.70,21.08,14.23,9.83
BAJFINANCE,2024-09-30,54.70,20.81,15.01,9.36
BAJFINANCE,2024-12-31,54.70,20.79,15.08,9.32
BAJFINANCE,2025-03-31,54.73,21.45,14.78,8.84
BAJFINANCE,2025-06-30,54.73,21.71,14.52,8.92
BAJFINANCE,2025-09-30,54.67,21.97,14.39,8.78
BAJFINANCE,2025-12-31,54.70,21.49,14.86,8.77
BAJFINANCE,2026-03-31,54.71,21.33,15.10,8.73
BAJFINANCE,2026-06-30,54.68,20.20,16.30,8.64
BAJAJFINSV,2023-09-30,60.69,7.66,7.09,24.31
BAJAJFINSV,2023-12-31,60.69,7.91,7.48,23.70
BAJAJFINSV,2024-03-31,60.69,8.42,7.33,23.38
BAJAJFINSV,2024-06-30,60.64,8.39,7.60,23.18
BAJAJFINSV,2024-09-30,60.64,8.24,8.13,22.84
BAJAJFINSV,2024-12-31,60.64,7.40,8.91,22.93
BAJAJFINSV,2025-03-31,60.64,7.53,8.99,22.71
BAJAJFINSV,2025-06-30,58.81,8.40,10.09,22.60
BAJAJFINSV,2025-09-30,58.81,8.11,10.49,22.52
BAJAJFINSV,2025-12-31,58.81,8.06,10.74,22.37
BAJAJFINSV,2026-03-31,58.72,7.23,11.76,22.16
BAJAJFINSV,2026-06-30,58.72,6.90,12.11,22.23
PNB,2023-09-30,73.15,2.65,13.80,10.41
PNB,2023-12-31,73.15,3.10,13.74,10.00
PNB,2024-03-31,73.15,4.82,12.37,9.67
PNB,2024-06-30,73.15,5.51,10.76,10.57
PNB,2024-09-30,70.08,8.42,11.61,9.89
PNB,2024-12-31,70.08,5.70,14.31,9.91
PNB,2025-03-31,70.08,5.71,14.67,9.54
PNB,2025-06-30,70.08,5.52,15.06,9.34
PNB,2025-09-30,70.08,5.67,15.54,8.70
PNB,2025-12-31,70.08,5.93,16.09,7.91
PNB,2026-03-31,70.08,6.39,16.05,7.48
PNB,2026-06-30,70.08,5.93,16.06,7.91
BANKBARODA,2023-09-30,63.97,12.39,15.74,7.64
BANKBARODA,2023-12-31,63.97,12.27,15.75,7.76
BANKBARODA,2024-03-31,63.97,12.40,16.04,7.32
BANKBARODA,2024-06-30,63.97,11.45,15.77,8.55
BANKBARODA,2024-09-30,63.97,9.87,16.35,9.56
BANKBARODA,2024-12-31,63.97,8.90,17.86,9.01
BANKBARODA,2025-03-31,63.97,8.98,17.97,8.83
BANKBARODA,2025-06-30,63.97,8.08,18.79,8.89
BANKBARODA,2025-09-30,63.97,8.71,18.93,8.30
BANKBARODA,2025-12-31,63.97,9.84,18.72,7.37
BANKBARODA,2026-03-31,63.97,9.69,18.92,7.33
BANKBARODA,2026-06-30,63.97,10.14,18.33,7.47
IDFCFIRSTB,2023-09-30,39.37,24.48,5.58,26.66
IDFCFIRSTB,2023-12-31,37.45,24.30,6.63,27.90
IDFCFIRSTB,2024-03-31,37.43,23.65,6.79,28.38
IDFCFIRSTB,2024-06-30,37.37,21.02,7.93,29.95
IDFCFIRSTB,2024-09-30,35.37,19.57,11.73,29.81
IDFCFIRSTB,2024-12-31,0.00,27.12,16.14,47.57
IDFCFIRSTB,2025-03-31,0.00,25.68,19.30,45.86
IDFCFIRSTB,2025-06-30,0.00,23.80,23.40,43.64
IDFCFIRSTB,2025-09-30,0.00,24.64,24.33,41.89
IDFCFIRSTB,2025-12-31,0.00,36.76,22.38,33.05
IDFCFIRSTB,2026-03-31,0.00,36.52,22.73,32.93
IDFCFIRSTB,2026-06-30,0.00,36.10,24.35,31.73
YESBANK,2023-09-30,,23.39,40.68,35.90
YESBANK,2023-12-31,,23.79,41.98,34.21
YESBANK,2024-03-31,,22.01,41.50,36.47
YESBANK,2024-06-30,,27.08,38.10,34.82
YESBANK,2024-09-30,,27.00,38.20,34.78
YESBANK,2024-12-31,,26.74,38.84,34.42
YESBANK,2025-03-31,,26.88,39.52,33.60
YESBANK,2025-06-30,,24.95,40.26,34.79
YESBANK,2025-09-30,,44.95,20.79,34.24
YESBANK,2025-12-31,,45.74,21.12,33.12
YESBANK,2026-03-31,,46.42,21.81,31.74
YESBANK,2026-06-30,,46.12,24.04,29.83
IIFL,2023-09-30,24.81,28.31,7.30,39.59
IIFL,2023-12-31,24.80,31.27,8.27,35.67
IIFL,2024-03-31,24.78,29.14,8.59,37.47
IIFL,2024-06-30,24.92,30.31,7.43,37.35
IIFL,2024-09-30,24.91,29.64,6.25,39.19
IIFL,2024-12-31,24.90,27.78,4.50,42.84
IIFL,2025-03-31,24.90,28.03,5.54,41.54
IIFL,2025-06-30,24.86,26.62,8.09,40.41
IIFL,2025-09-30,24.86,26.77,9.13,39.23
IIFL,2025-12-31,24.85,27.77,9.16,38.20
IIFL,2026-03-31,24.84,28.16,7.09,39.92
IIFL,2026-06-30,24.84,23.86,7.50,43.80
LT,2023-09-30,,25.72,37.16,36.89
LT,2023-12-31,,25.50,37.34,36.93
LT,2024-03-31,,24.36,38.08,37.33
LT,2024-06-30,,22.85,38.89,38.01
LT,2024-09-30,,21.72,40.44,37.60
LT,2024-12-31,,20.83,41.71,37.21
LT,2025-03-31,,19.80,42.71,37.25
LT,2025-06-30,,19.33,43.48,36.95
LT,2025-09-30,,19.48,43.34,36.92
LT,2025-12-31,,20.06,42.99,36.69
LT,2026-03-31,,18.78,43.32,37.64
LT,2026-06-30,,19.13,43.01,37.60
MARUTI,2023-09-30,56.48,21.85,18.15,3.45
MARUTI,2023-12-31,58.19,20.60,17.64,3.50
MARUTI,2024-03-31,58.19,19.64,18.86,3.24
MARUTI,2024-06-30,58.19,18.98,19.37,3.41
MARUTI,2024-09-30,58.19,17.68,20.75,3.31
MARUTI,2024-12-31,58.28,15.47,22.89,3.28
MARUTI,2025-03-31,58.28,14.96,23.56,3.12
MARUTI,2025-06-30,58.28,15.20,23.25,3.18
MARUTI,2025-09-30,58.28,15.78,22.55,3.30
MARUTI,2025-12-31,58.28,15.76,22.84,3.04
MARUTI,2026-03-31,58.53,14.12,24.09,3.18
MARUTI,2026-06-30,58.65,12.82,25.09,3.35
BAJAJ-AUTO,2023-09-30,54.99,14.37,9.03,21.54
BAJAJ-AUTO,2023-12-31,54.95,14.64,8.66,21.67
BAJAJ-AUTO,2024-03-31,55.06,14.53,8.47,21.88
BAJAJ-AUTO,2024-06-30,55.06,14.19,8.73,21.92
BAJAJ-AUTO,2024-09-30,55.04,14.32,8.67,21.89
BAJAJ-AUTO,2024-12-31,55.04,12.45,9.98,22.44
BAJAJ-AUTO,2025-03-31,55.03,11.61,10.92,22.32
BAJAJ-AUTO,2025-06-30,55.04,10.30,12.01,22.53
BAJAJ-AUTO,2025-09-30,55.04,9.66,12.78,22.51
BAJAJ-AUTO,2025-12-31,54.99,8.84,14.07,22.01
BAJAJ-AUTO,2026-03-31,55.01,8.82,14.35,21.62
BAJAJ-AUTO,2026-06-30,55.01,9.01,13.42,22.44
TMPV,2023-09-30,46.38,18.40,17.37,17.70
TMPV,2023-12-31,46.37,18.62,17.25,17.60
TMPV,2024-03-31,46.36,19.20,16.01,18.31
TMPV,2024-06-30,46.36,18.18,15.93,19.39
TMPV,2024-09-30,42.58,20.54,16.08,20.49
TMPV,2024-12-31,42.58,18.66,16.54,21.91
TMPV,2025-03-31,42.58,17.84,16.88,22.39
TMPV,2025-06-30,42.57,17.17,16.93,23.01
TMPV,2025-09-30,42.57,17.13,17.03,22.97
TMPV,2025-12-31,42.56,17.88,15.08,24.14
TMPV,2026-03-31,42.56,17.29,16.79,23.06
TMPV,2026-06-30,42.51,17.11,16.97,23.09
HEROMOTOCO,2023-09-30,34.76,26.80,29.14,9.30
HEROMOTOCO,2023-12-31,34.76,28.34,28.09,8.80
HEROMOTOCO,2024-03-31,34.76,28.93,27.76,8.55
HEROMOTOCO,2024-06-30,34.76,29.87,26.87,8.49
HEROMOTOCO,2024-09-30,34.75,29.59,26.94,8.72
HEROMOTOCO,2024-12-31,34.75,27.95,27.70,9.58
HEROMOTOCO,2025-03-31,34.74,27.43,27.89,9.91
HEROMOTOCO,2025-06-30,34.74,27.05,27.77,10.39
HEROMOTOCO,2025-09-30,34.73,28.76,26.32,10.11
HEROMOTOCO,2025-12-31,34.73,29.43,26.28,9.48
HEROMOTOCO,2026-03-31,34.73,31.15,24.69,9.34
HEROMOTOCO,2026-06-30,34.73,31.09,24.26,9.82
ASHOKLEY,2023-09-30,51.53,20.21,16.51,11.66
ASHOKLEY,2023-12-31,51.53,20.48,14.66,13.25
ASHOKLEY,2024-03-31,51.52,21.45,12.23,14.72
ASHOKLEY,2024-06-30,51.52,22.03,14.12,12.24
ASHOKLEY,2024-09-30,51.52,24.39,12.34,11.66
ASHOKLEY,2024-12-31,51.52,24.09,13.04,11.28
ASHOKLEY,2025-03-31,51.52,23.50,14.06,10.84
ASHOKLEY,2025-06-30,51.52,23.85,13.88,10.67
ASHOKLEY,2025-09-30,51.51,24.32,13.59,10.51
ASHOKLEY,2025-12-31,51.51,24.41,13.73,10.30
ASHOKLEY,2026-03-31,51.51,24.57,13.06,10.79
ASHOKLEY,2026-06-30,51.51,20.67,15.75,11.99
SUZLON,2023-09-30,13.28,10.88,9.81,65.99
SUZLON,2023-12-31,13.28,17.83,6.16,62.74
SUZLON,2024-03-31,13.28,19.57,6.30,60.85
SUZLON,2024-06-30,13.26,21.53,9.16,56.03
SUZLON,2024-09-30,13.25,23.72,9.02,54.02
SUZLON,2024-12-31,13.25,22.87,9.31,54.56
SUZLON,2025-03-31,13.25,23.04,8.73,54.98
SUZLON,2025-06-30,11.75,23.02,10.17,55.07
SUZLON,2025-09-30,11.73,22.70,10.14,55.40
SUZLON,2025-12-31,11.73,23.73,9.23,55.29
SUZLON,2026-03-31,11.73,23.85,9.18,55.23
SUZLON,2026-06-30,11.70,24.15,11.12,53.02
RVNL,2023-09-30,72.84,2.32,5.83,19.01
RVNL,2023-12-31,72.84,2.59,6.08,18.50
RVNL,2024-03-31,72.84,2.32,6.18,18.66
RVNL,2024-06-30,72.84,3.13,6.77,17.25
RVNL,2024-09-30,72.84,5.05,6.33,15.78
RVNL,2024-12-31,72.84,5.10,6.16,15.89
RVNL,2025-03-31,72.84,5.07,6.21,15.87
RVNL,2025-06-30,72.84,4.89,6.38,15.89
RVNL,2025-09-30,72.84,4.66,6.39,16.08
RVNL,2025-12-31,72.84,4.97,6.37,15.79
RVNL,2026-03-31,72.84,4.86,6.42,15.87
RVNL,2026-06-30,72.84,2.41,6.60,18.15
BHEL,2023-09-30,63.17,7.23,15.99,13.62
BHEL,2023-12-31,63.17,7.04,17.58,12.23
BHEL,2024-03-31,63.17,8.76,15.95,12.14
BHEL,2024-06-30,63.17,9.10,15.03,12.71
BHEL,2024-09-30,63.17,9.48,14.69,12.66
BHEL,2024-12-31,63.17,7.98,15.49,13.36
BHEL,2025-03-31,63.17,7.19,16.34,13.29
BHEL,2025-06-30,63.17,6.36,18.45,12.02
BHEL,2025-09-30,63.17,6.23,18.62,11.98
BHEL,2025-12-31,63.17,6.28,19.70,10.85
BHEL,2026-03-31,58.17,7.23,23.93,10.63
BHEL,2026-06-30,58.17,9.52,22.35,9.88
IDEA,2023-09-30,50.36,2.46,1.80,12.19
IDEA,2023-12-31,50.36,2.27,3.05,11.14
IDEA,2024-03-31,48.91,1.97,2.20,14.69
IDEA,2024-06-30,38.17,12.67,7.44,17.89
IDEA,2024-09-30,37.32,12.69,4.86,21.94
IDEA,2024-12-31,37.32,10.17,4.28,25.05
IDEA,2025-03-31,38.80,10.10,4.90,23.55
IDEA,2025-06-30,25.57,5.98,4.14,15.28
IDEA,2025-09-30,25.57,5.99,4.74,14.69
IDEA,2025-12-31,25.57,5.99,5.59,13.83
IDEA,2026-03-31,25.64,5.56,6.19,13.57
IDEA,2026-06-30,25.64,6.17,6.05,13.11
